<?xml version="1.0" encoding="iso-8859-1"?>

<satellites>
	<sat name="0.8W Ku-band Thor 5/6/7 &amp; Intelsat" flags="1" position="-8">
		<transponder frequency="10716000" symbol_rate="25000000" polarization="0" fec_inner="3" system="1" modulation="2"/>
		<transponder frequency="10747000" symbol_rate="25000000" polarization="0" fec_inner="3" system="1" modulation="2"/>
		<transponder frequency="10747000" symbol_rate="25000000" polarization="1" fec_inner="3" system="1" modulation="2"/>
		<transponder frequency="10778000" symbol_rate="25000000" polarization="0" fec_inner="3" system="1" modulation="2"/>
		<transponder frequency="10778000" symbol_rate="25000000" polarization="1" fec_inner="3" system="1" modulation="2"/>
		<transponder frequency="10809000" symbol_rate="25000000" polarization="0" fec_inner="3" system="1" modulation="2"/>
		<transponder frequency="10809000" symbol_rate="25000000" polarization="1" fec_inner="3" system="1" modulation="2"/>
		<transponder frequency="10841000" symbol_rate="25000000" polarization="0" fec_inner="3" system="1" modulation="2"/>
		<transponder frequency="10872000" symbol_rate="25000000" polarization="0" fec_inner="3" system="1" modulation="2"/>
		<transponder frequency="10903000" symbol_rate="25000000" polarization="0" fec_inner="3" system="1" modulation="2"/>
		<transponder frequency="10903000" symbol_rate="25000000" polarization="1" fec_inner="3" system="1" modulation="2"/>
		<transponder frequency="10934000" symbol_rate="25000000" polarization="0" fec_inner="3" system="1" modulation="2"/>
		<transponder frequency="10934000" symbol_rate="25000000" polarization="1" fec_inner="3" system="1" modulation="2"/>
		<transponder frequency="10958000" symbol_rate="1000000" polarization="0" fec_inner="2" system="0" modulation="1"/>
		<transponder frequency="11118000" symbol_rate="1000000" polarization="0" fec_inner="1" system="1" modulation="1"/>
		<transponder frequency="11216000" symbol_rate="25000000" polarization="1" fec_inner="3" system="1" modulation="2"/>
		<transponder frequency="11229000" symbol_rate="25000000" polarization="0" fec_inner="3" system="1" modulation="2"/>
		<transponder frequency="11247000" symbol_rate="24500000" polarization="1" fec_inner="5" system="0" modulation="1"/>
		<transponder frequency="11261000" symbol_rate="25000000" polarization="0" fec_inner="3" system="1" modulation="2"/>
		<transponder frequency="11278000" symbol_rate="25000000" polarization="1" fec_inner="3" system="1" modulation="2"/>
		<transponder frequency="11309000" symbol_rate="25000000" polarization="1" fec_inner="3" system="1" modulation="2"/>
		<transponder frequency="11325000" symbol_rate="25000000" polarization="0" fec_inner="3" system="1" modulation="2"/>
		<transponder frequency="11341000" symbol_rate="25000000" polarization="1" fec_inner="3" system="1" modulation="2"/>
		<transponder frequency="11372000" symbol_rate="25000000" polarization="1" fec_inner="3" system="1" modulation="2"/>
		<transponder frequency="11389000" symbol_rate="24500000" polarization="0" fec_inner="5" system="0" modulation="1"/>
		<transponder frequency="11727000" symbol_rate="28000000" polarization="1" fec_inner="5" system="0" modulation="1"/>
		<transponder frequency="11747000" symbol_rate="30000000" polarization="0" fec_inner="3" system="1" modulation="2"/>
		<transponder frequency="11766000" symbol_rate="28000000" polarization="1" fec_inner="5" system="0" modulation="1"/>
		<transponder frequency="11785000" symbol_rate="28000000" polarization="0" fec_inner="5" system="0" modulation="1"/>
		<transponder frequency="11823000" symbol_rate="30000000" polarization="0" fec_inner="4" system="1" modulation="2"/>
		<transponder frequency="11862000" symbol_rate="28000000" polarization="0" fec_inner="5" system="0" modulation="1"/>
		<transponder frequency="11900000" symbol_rate="28000000" polarization="0" fec_inner="4" system="0" modulation="1"/>
		<transponder frequency="11919000" symbol_rate="28000000" polarization="1" fec_inner="5" system="0" modulation="1"/>
		<transponder frequency="11938000" symbol_rate="28000000" polarization="0" fec_inner="5" system="0" modulation="1"/>
		<transponder frequency="11958000" symbol_rate="28000000" polarization="1" fec_inner="5" system="0" modulation="1"/>
		<transponder frequency="11977000" symbol_rate="30000000" polarization="0" fec_inner="3" system="1" modulation="2"/>
		<transponder frequency="11996000" symbol_rate="28000000" polarization="1" fec_inner="5" system="0" modulation="1"/>
		<transponder frequency="12034000" symbol_rate="30000000" polarization="1" fec_inner="3" system="1" modulation="2"/>
		<transponder frequency="12054000" symbol_rate="30000000" polarization="0" fec_inner="3" system="1" modulation="2"/>
		<transponder frequency="12073000" symbol_rate="28000000" polarization="1" fec_inner="5" system="0" modulation="1"/>
		<transponder frequency="12111000" symbol_rate="30000000" polarization="1" fec_inner="3" system="1" modulation="2"/>
		<transponder frequency="12130000" symbol_rate="28000000" polarization="0" fec_inner="5" system="0" modulation="1"/>
		<transponder frequency="12149000" symbol_rate="30000000" polarization="1" fec_inner="3" system="1" modulation="2"/>
		<transponder frequency="12188000" symbol_rate="28000000" polarization="1" fec_inner="5" system="0" modulation="1"/>
		<transponder frequency="12226000" symbol_rate="27500000" polarization="1" fec_inner="4" system="0" modulation="1"/>
		<transponder frequency="12245000" symbol_rate="30000000" polarization="0" fec_inner="3" system="1" modulation="2"/>
		<transponder frequency="12265000" symbol_rate="28000000" polarization="1" fec_inner="5" system="0" modulation="1"/>
		<transponder frequency="12322000" symbol_rate="30000000" polarization="0" fec_inner="3" system="1" modulation="2"/>
		<transponder frequency="12360000" symbol_rate="30000000" polarization="0" fec_inner="3" system="1" modulation="2"/>
		<transponder frequency="12380000" symbol_rate="30000000" polarization="1" fec_inner="3" system="1" modulation="2"/>
		<transponder frequency="12399000" symbol_rate="30000000" polarization="0" fec_inner="2" system="1" modulation="2"/>
		<transponder frequency="12418000" symbol_rate="28000000" polarization="1" fec_inner="5" system="0" modulation="1"/>
		<transponder frequency="12437000" symbol_rate="30000000" polarization="0" fec_inner="3" system="1" modulation="2"/>
		<transponder frequency="12456000" symbol_rate="30000000" polarization="1" fec_inner="3" system="1" modulation="2"/>
		<transponder frequency="12476000" symbol_rate="30000000" polarization="0" fec_inner="3" system="1" modulation="2"/>
		<transponder frequency="12527000" symbol_rate="28800000" polarization="0" fec_inner="7" system="1" modulation="1"/>
		<transponder frequency="12607000" symbol_rate="28800000" polarization="1" fec_inner="7" system="1" modulation="1"/>
		<transponder frequency="12643000" symbol_rate="28800000" polarization="1" fec_inner="3" system="1" modulation="2"/>
		<transponder frequency="12687000" symbol_rate="28800000" polarization="1" fec_inner="7" system="1" modulation="1"/>
		<transponder frequency="12687000" symbol_rate="27500000" polarization="0" fec_inner="3" system="0" modulation="1"/>
		<transponder frequency="12723000" symbol_rate="27500000" polarization="0" fec_inner="3" system="0" modulation="1"/>
	</sat>
	<sat name="4.8E Ku-band Astra 4A &amp; SES 5" flags="1" position="48">
		<transponder frequency="11727000" symbol_rate="27500000" polarization="0" fec_inner="3" system="0" modulation="1"/>
		<transponder frequency="11727000" symbol_rate="27500000" polarization="0" fec_inner="3" system="1" modulation="1"/>
		<transponder frequency="11747000" symbol_rate="30000000" polarization="1" fec_inner="2" system="1" modulation="2"/>
		<transponder frequency="11747000" symbol_rate="30000000" polarization="1" fec_inner="2" system="1" modulation="2"/>
		<transponder frequency="11747000" symbol_rate="27500000" polarization="1" fec_inner="3" system="1" modulation="1"/>
		<transponder frequency="11766000" symbol_rate="30000000" polarization="0" fec_inner="2" system="1" modulation="2"/>
		<transponder frequency="11766000" symbol_rate="27500000" polarization="0" fec_inner="3" system="1" modulation="1"/>
		<transponder frequency="11785000" symbol_rate="27500000" polarization="1" fec_inner="3" system="1" modulation="1"/>
		<transponder frequency="11785000" symbol_rate="27500000" polarization="1" fec_inner="4" system="1" modulation="2"/>
		<transponder frequency="11804000" symbol_rate="27500000" polarization="0" fec_inner="3" system="1" modulation="1"/>
		<transponder frequency="11862000" symbol_rate="27500000" polarization="1" fec_inner="3" system="1" modulation="1"/>
		<transponder frequency="11881000" symbol_rate="27500000" polarization="0" fec_inner="3" system="1" modulation="1"/>
		<transponder frequency="11900000" symbol_rate="27500000" polarization="1" fec_inner="3" system="1" modulation="1"/>
		<transponder frequency="11919000" symbol_rate="27500000" polarization="0" fec_inner="3" system="0" modulation="1"/>
		<transponder frequency="11938000" symbol_rate="27500000" polarization="1" fec_inner="3" system="1" modulation="1"/>
		<transponder frequency="11938000" symbol_rate="27500000" polarization="1" fec_inner="4" system="1" modulation="2"/>
		<transponder frequency="11958000" symbol_rate="27500000" polarization="0" fec_inner="3" system="1" modulation="1"/>
		<transponder frequency="11958000" symbol_rate="27500000" polarization="0" fec_inner="4" system="1" modulation="2"/>
		<transponder frequency="11977000" symbol_rate="27500000" polarization="1" fec_inner="3" system="1" modulation="1"/>
		<transponder frequency="11996000" symbol_rate="27500000" polarization="0" fec_inner="3" system="0" modulation="1"/>
		<transponder frequency="11996000" symbol_rate="27500000" polarization="0" fec_inner="3" system="1" modulation="1"/>
		<transponder frequency="12015000" symbol_rate="29950000" polarization="1" fec_inner="3" system="0" modulation="1"/>
		<transponder frequency="12034000" symbol_rate="27500000" polarization="0" fec_inner="3" system="0" modulation="1"/>
		<transponder frequency="12054000" symbol_rate="30000000" polarization="1" fec_inner="3" system="1" modulation="2"/>
		<transponder frequency="12073000" symbol_rate="30000000" polarization="0" fec_inner="2" system="1" modulation="2"/>
		<transponder frequency="12073000" symbol_rate="27500000" polarization="0" fec_inner="3" system="1" modulation="1"/>
		<transponder frequency="12130000" symbol_rate="27500000" polarization="1" fec_inner="3" system="0" modulation="1"/>
		<transponder frequency="12207000" symbol_rate="30000000" polarization="1" fec_inner="2" system="1" modulation="2"/>
		<transponder frequency="12226000" symbol_rate="27500000" polarization="0" fec_inner="7" system="1" modulation="1"/>
		<transponder frequency="12284000" symbol_rate="27500000" polarization="1" fec_inner="3" system="0" modulation="1"/>
		<transponder frequency="12303000" symbol_rate="27500000" polarization="0" fec_inner="3" system="1" modulation="1"/>
		<transponder frequency="12380000" symbol_rate="27500000" polarization="0" fec_inner="3" system="0" modulation="1"/>
		<transponder frequency="12380000" symbol_rate="27500000" polarization="0" fec_inner="3" system="1" modulation="1"/>
		<transponder frequency="12418000" symbol_rate="27500000" polarization="0" fec_inner="3" system="0" modulation="1"/>
		<transponder frequency="12418000" symbol_rate="27500000" polarization="0" fec_inner="3" system="1" modulation="1"/>
		<transponder frequency="12437000" symbol_rate="30000000" polarization="1" fec_inner="2" system="1" modulation="2"/>
		<transponder frequency="12565000" symbol_rate="30000000" polarization="1" fec_inner="4" system="1" modulation="1"/>
	</sat>
	<sat name="13.0E Hotbird 13F/13G" flags="1" position="130">
		<transponder frequency="10719000" symbol_rate="27500000" polarization="1" fec_inner="3" system="1" modulation="2"/>
		<transponder frequency="10727000" symbol_rate="30000000" polarization="0" fec_inner="3" system="1" modulation="2"/>
		<transponder frequency="10758000" symbol_rate="27500000" polarization="1" fec_inner="3" system="1" modulation="2"/>
		<transponder frequency="10775000" symbol_rate="29900000" polarization="0" fec_inner="2" system="1" modulation="2"/>
		<transponder frequency="10796000" symbol_rate="27500000" polarization="1" fec_inner="3" system="1" modulation="2"/>
		<transponder frequency="10873000" symbol_rate="27500000" polarization="1" fec_inner="3" system="1" modulation="2"/>
		<transponder frequency="10892000" symbol_rate="27500000" polarization="0" fec_inner="3" system="1" modulation="2"/>
		<transponder frequency="10911000" symbol_rate="27500000" polarization="1" fec_inner="3" system="1" modulation="2"/>
		<transponder frequency="10930000" symbol_rate="30000000" polarization="0" fec_inner="2" system="1" modulation="2"/>
		<transponder frequency="10949000" symbol_rate="27500000" polarization="1" fec_inner="2" system="1" modulation="2"/>
		<transponder frequency="10971000" symbol_rate="29700000" polarization="0" fec_inner="2" system="1" modulation="2"/>
		<transponder frequency="10992000" symbol_rate="27500000" polarization="1" fec_inner="2" system="0" modulation="1"/>
		<transponder frequency="11013000" symbol_rate="29900000" polarization="0" fec_inner="3" system="1" modulation="2"/>
		<transponder frequency="11034000" symbol_rate="27500000" polarization="1" fec_inner="3" system="0" modulation="1"/>
		<transponder frequency="11075000" symbol_rate="30000000" polarization="1" fec_inner="3" system="1" modulation="2"/>
		<transponder frequency="11096000" symbol_rate="30000000" polarization="0" fec_inner="2" system="1" modulation="2"/>
		<transponder frequency="11117000" symbol_rate="27500000" polarization="1" fec_inner="3" system="1" modulation="2"/>
		<transponder frequency="11137000" symbol_rate="27500000" polarization="0" fec_inner="3" system="0" modulation="1"/>
		<transponder frequency="11158000" symbol_rate="27500000" polarization="1" fec_inner="3" system="1" modulation="2"/>
		<transponder frequency="11179000" symbol_rate="27500000" polarization="0" fec_inner="2" system="1" modulation="2"/>
		<transponder frequency="11240000" symbol_rate="27500000" polarization="1" fec_inner="4" system="1" modulation="2"/>
		<transponder frequency="11258000" symbol_rate="27500000" polarization="0" fec_inner="3" system="1" modulation="2"/>
		<transponder frequency="11278000" symbol_rate="27500000" polarization="1" fec_inner="4" system="1" modulation="2"/>
		<transponder frequency="11296000" symbol_rate="27500000" polarization="0" fec_inner="4" system="0" modulation="1"/>
		<transponder frequency="11334000" symbol_rate="27500000" polarization="0" fec_inner="3" system="1" modulation="2"/>
		<transponder frequency="11373000" symbol_rate="27500000" polarization="0" fec_inner="3" system="1" modulation="2"/>
		<transponder frequency="11393000" symbol_rate="27500000" polarization="1" fec_inner="3" system="1" modulation="2"/>
		<transponder frequency="11411000" symbol_rate="27500000" polarization="0" fec_inner="4" system="1" modulation="2"/>
		<transponder frequency="11432000" symbol_rate="29900000" polarization="1" fec_inner="3" system="1" modulation="2"/>
		<transponder frequency="11449000" symbol_rate="27500000" polarization="0" fec_inner="4" system="1" modulation="2"/>
		<transponder frequency="11488000" symbol_rate="27500000" polarization="0" fec_inner="4" system="1" modulation="2"/>
		<transponder frequency="11508000" symbol_rate="27500000" polarization="1" fec_inner="3" system="1" modulation="2"/>
		<transponder frequency="11566000" symbol_rate="29900000" polarization="0" fec_inner="3" system="1" modulation="2"/>
		<transponder frequency="11585000" symbol_rate="27500000" polarization="1" fec_inner="4" system="1" modulation="2"/>
		<transponder frequency="11642000" symbol_rate="27500000" polarization="0" fec_inner="3" system="1" modulation="2"/>
		<transponder frequency="11662000" symbol_rate="27500000" polarization="1" fec_inner="2" system="1" modulation="2"/>
		<transponder frequency="11681000" symbol_rate="27500000" polarization="0" fec_inner="3" system="1" modulation="2"/>
		<transponder frequency="11727000" symbol_rate="29900000" polarization="1" fec_inner="3" system="1" modulation="2"/>
		<transponder frequency="11747000" symbol_rate="27500000" polarization="0" fec_inner="3" system="1" modulation="2"/>
		<transponder frequency="11766000" symbol_rate="29900000" polarization="1" fec_inner="3" system="1" modulation="2"/>
		<transponder frequency="11785000" symbol_rate="27500000" polarization="0" fec_inner="3" system="1" modulation="2"/>
		<transponder frequency="11804000" symbol_rate="30000000" polarization="1" fec_inner="4" system="1" modulation="2"/>
		<transponder frequency="11823000" symbol_rate="27500000" polarization="0" fec_inner="3" system="1" modulation="2"/>
		<transponder frequency="11843000" symbol_rate="29900000" polarization="1" fec_inner="3" system="1" modulation="2"/>
		<transponder frequency="11862000" symbol_rate="29900000" polarization="0" fec_inner="4" system="1" modulation="1"/>
		<transponder frequency="11881000" symbol_rate="27500000" polarization="1" fec_inner="3" system="0" modulation="1"/>
		<transponder frequency="11900000" symbol_rate="27500000" polarization="0" fec_inner="3" system="1" modulation="2"/>
		<transponder frequency="11919000" symbol_rate="29900000" polarization="1" fec_inner="3" system="1" modulation="2"/>
		<transponder frequency="11938000" symbol_rate="30000000" polarization="0" fec_inner="4" system="1" modulation="2"/>
		<transponder frequency="11958000" symbol_rate="27500000" polarization="1" fec_inner="3" system="0" modulation="1"/>
		<transponder frequency="11977000" symbol_rate="29900000" polarization="0" fec_inner="3" system="1" modulation="2"/>
		<transponder frequency="11996000" symbol_rate="29900000" polarization="1" fec_inner="4" system="1" modulation="1"/>
		<transponder frequency="12015000" symbol_rate="27500000" polarization="0" fec_inner="3" system="1" modulation="2"/>
		<transponder frequency="12034000" symbol_rate="29900000" polarization="1" fec_inner="3" system="1" modulation="2"/>
		<transponder frequency="12054000" symbol_rate="29900000" polarization="0" fec_inner="4" system="1" modulation="1"/>
		<transponder frequency="12073000" symbol_rate="29900000" polarization="1" fec_inner="3" system="1" modulation="2"/>
		<transponder frequency="12111000" symbol_rate="27500000" polarization="1" fec_inner="3" system="0" modulation="1"/>
		<transponder frequency="12130000" symbol_rate="30000000" polarization="0" fec_inner="4" system="1" modulation="2"/>
		<transponder frequency="12149000" symbol_rate="27500000" polarization="1" fec_inner="3" system="0" modulation="1"/>
		<transponder frequency="12169000" symbol_rate="30000000" polarization="0" fec_inner="4" system="1" modulation="2"/>
		<transponder frequency="12188000" symbol_rate="27500000" polarization="1" fec_inner="3" system="1" modulation="2"/>
		<transponder frequency="12265000" symbol_rate="27500000" polarization="1" fec_inner="3" system="1" modulation="2"/>
		<transponder frequency="12284000" symbol_rate="27500000" polarization="0" fec_inner="3" system="1" modulation="2"/>
		<transponder frequency="12303000" symbol_rate="27500000" polarization="1" fec_inner="3" system="1" modulation="2"/>
		<transponder frequency="12322000" symbol_rate="27500000" polarization="0" fec_inner="3" system="0" modulation="1"/>
		<transponder frequency="12341000" symbol_rate="29900000" polarization="1" fec_inner="4" system="1" modulation="1"/>
		<transponder frequency="12380000" symbol_rate="30000000" polarization="1" fec_inner="4" system="1" modulation="2"/>
		<transponder frequency="12399000" symbol_rate="29700000" polarization="0" fec_inner="2" system="1" modulation="2"/>
		<transponder frequency="12418000" symbol_rate="29900000" polarization="1" fec_inner="3" system="1" modulation="2"/>
		<transponder frequency="12466000" symbol_rate="29900000" polarization="1" fec_inner="3" system="1" modulation="2"/>
		<transponder frequency="12476000" symbol_rate="29900000" polarization="0" fec_inner="3" system="1" modulation="2"/>
		<transponder frequency="12520000" symbol_rate="27500000" polarization="1" fec_inner="2" system="1" modulation="2"/>
		<transponder frequency="12558000" symbol_rate="27500000" polarization="1" fec_inner="4" system="1" modulation="2"/>
		<transponder frequency="12577000" symbol_rate="27500000" polarization="0" fec_inner="3" system="1" modulation="2"/>
		<transponder frequency="12616000" symbol_rate="30000000" polarization="0" fec_inner="4" system="1" modulation="2"/>
		<transponder frequency="12635000" symbol_rate="30000000" polarization="1" fec_inner="4" system="1" modulation="2"/>
		<transponder frequency="12654000" symbol_rate="30000000" polarization="0" fec_inner="4" system="1" modulation="2"/>
		<transponder frequency="12673000" symbol_rate="30000000" polarization="1" fec_inner="4" system="1" modulation="2"/>
		<transponder frequency="12692000" symbol_rate="27500000" polarization="0" fec_inner="3" system="1" modulation="2"/>
		<transponder frequency="12713000" symbol_rate="30000000" polarization="1" fec_inner="4" system="1" modulation="2"/>
		<transponder frequency="12731000" symbol_rate="30000000" polarization="0" fec_inner="4" system="1" modulation="2"/>
	</sat>
	<sat name="19.2E Astra 1KR/1M/1N/1P" flags="1" position="192">
		<transponder frequency="10758000" symbol_rate="22000000" polarization="1" fec_inner="2" system="1" modulation="2"/>
		<transponder frequency="10773000" symbol_rate="22000000" polarization="0" fec_inner="3" system="1" modulation="2"/>
		<transponder frequency="10788000" symbol_rate="22000000" polarization="1" fec_inner="4" system="0" modulation="1"/>
		<transponder frequency="10802000" symbol_rate="22000000" polarization="0" fec_inner="3" system="1" modulation="2"/>
		<transponder frequency="10818000" symbol_rate="22000000" polarization="1" fec_inner="2" system="1" modulation="2"/>
		<transponder frequency="10832000" symbol_rate="22000000" polarization="0" fec_inner="2" system="1" modulation="2"/>
		<transponder frequency="10847000" symbol_rate="22000000" polarization="1" fec_inner="4" system="0" modulation="1"/>
		<transponder frequency="10876000" symbol_rate="22000000" polarization="1" fec_inner="4" system="0" modulation="1"/>
		<transponder frequency="10891000" symbol_rate="22000000" polarization="0" fec_inner="2" system="1" modulation="2"/>
		<transponder frequency="10906000" symbol_rate="22000000" polarization="1" fec_inner="2" system="1" modulation="2"/>
		<transponder frequency="10921000" symbol_rate="22000000" polarization="0" fec_inner="5" system="0" modulation="1"/>
		<transponder frequency="10936000" symbol_rate="22000000" polarization="1" fec_inner="4" system="0" modulation="1"/>
		<transponder frequency="10964000" symbol_rate="22000000" polarization="0" fec_inner="2" system="1" modulation="2"/>
		<transponder frequency="10979000" symbol_rate="22000000" polarization="1" fec_inner="4" system="0" modulation="1"/>
		<transponder frequency="10994000" symbol_rate="22000000" polarization="0" fec_inner="4" system="1" modulation="2"/>
		<transponder frequency="11009000" symbol_rate="23500000" polarization="1" fec_inner="3" system="1" modulation="2"/>
		<transponder frequency="11038000" symbol_rate="22000000" polarization="1" fec_inner="4" system="0" modulation="1"/>
		<transponder frequency="11053000" symbol_rate="22000000" polarization="0" fec_inner="2" system="1" modulation="2"/>
		<transponder frequency="11068000" symbol_rate="22000000" polarization="1" fec_inner="4" system="0" modulation="1"/>
		<transponder frequency="11082000" symbol_rate="22000000" polarization="0" fec_inner="3" system="1" modulation="2"/>
		<transponder frequency="11097000" symbol_rate="22000000" polarization="1" fec_inner="4" system="0" modulation="1"/>
		<transponder frequency="11112000" symbol_rate="22000000" polarization="0" fec_inner="2" system="1" modulation="2"/>
		<transponder frequency="11127000" symbol_rate="22000000" polarization="1" fec_inner="4" system="0" modulation="1"/>
		<transponder frequency="11156000" symbol_rate="22000000" polarization="1" fec_inner="4" system="0" modulation="1"/>
		<transponder frequency="11186000" symbol_rate="22000000" polarization="1" fec_inner="2" system="1" modulation="2"/>
		<transponder frequency="11229000" symbol_rate="22000000" polarization="1" fec_inner="2" system="1" modulation="2"/>
		<transponder frequency="11244000" symbol_rate="22000000" polarization="0" fec_inner="4" system="0" modulation="1"/>
		<transponder frequency="11259000" symbol_rate="22000000" polarization="1" fec_inner="2" system="1" modulation="2"/>
		<transponder frequency="11273000" symbol_rate="22000000" polarization="0" fec_inner="2" system="1" modulation="2"/>
		<transponder frequency="11288000" symbol_rate="22000000" polarization="1" fec_inner="2" system="1" modulation="2"/>
		<transponder frequency="11303000" symbol_rate="22000000" polarization="0" fec_inner="2" system="1" modulation="2"/>
		<transponder frequency="11318000" symbol_rate="22000000" polarization="1" fec_inner="4" system="0" modulation="1"/>
		<transponder frequency="11347000" symbol_rate="22000000" polarization="1" fec_inner="2" system="1" modulation="2"/>
		<transponder frequency="11362000" symbol_rate="22000000" polarization="0" fec_inner="2" system="1" modulation="2"/>
		<transponder frequency="11377000" symbol_rate="22000000" polarization="1" fec_inner="2" system="1" modulation="2"/>
		<transponder frequency="11391000" symbol_rate="22000000" polarization="0" fec_inner="4" system="0" modulation="1"/>
		<transponder frequency="11406000" symbol_rate="23500000" polarization="1" fec_inner="3" system="1" modulation="2"/>
		<transponder frequency="11421000" symbol_rate="22000000" polarization="0" fec_inner="4" system="0" modulation="1"/>
		<transponder frequency="11464000" symbol_rate="22000000" polarization="0" fec_inner="2" system="1" modulation="2"/>
		<transponder frequency="11494000" symbol_rate="22000000" polarization="0" fec_inner="2" system="1" modulation="2"/>
		<transponder frequency="11509000" symbol_rate="22000000" polarization="1" fec_inner="4" system="0" modulation="1"/>
		<transponder frequency="11523000" symbol_rate="22000000" polarization="0" fec_inner="2" system="1" modulation="2"/>
		<transponder frequency="11538000" symbol_rate="22000000" polarization="1" fec_inner="4" system="0" modulation="1"/>
		<transponder frequency="11553000" symbol_rate="22000000" polarization="0" fec_inner="2" system="1" modulation="2"/>
		<transponder frequency="11582000" symbol_rate="22000000" polarization="0" fec_inner="2" system="1" modulation="2"/>
		<transponder frequency="11671000" symbol_rate="22000000" polarization="0" fec_inner="2" system="1" modulation="2"/>
		<transponder frequency="11694000" symbol_rate="940000" polarization="1" fec_inner="1" system="0" modulation="1"/>
		<transponder frequency="11739000" symbol_rate="27500000" polarization="1" fec_inner="3" system="0" modulation="1"/>
		<transponder frequency="11758000" symbol_rate="27500000" polarization="0" fec_inner="9" system="1" modulation="1"/>
		<transponder frequency="11778000" symbol_rate="29500000" polarization="1" fec_inner="9" system="1" modulation="1"/>
		<transponder frequency="11798000" symbol_rate="27500000" polarization="0" fec_inner="9" system="1" modulation="1"/>
		<transponder frequency="11836000" symbol_rate="27500000" polarization="0" fec_inner="3" system="0" modulation="1"/>
		<transponder frequency="11856000" symbol_rate="29700000" polarization="1" fec_inner="2" system="1" modulation="2"/>
		<transponder frequency="11895000" symbol_rate="29700000" polarization="1" fec_inner="2" system="1" modulation="2"/>
		<transponder frequency="11914000" symbol_rate="27500000" polarization="0" fec_inner="9" system="1" modulation="1"/>
		<transponder frequency="11934000" symbol_rate="29700000" polarization="1" fec_inner="2" system="1" modulation="2"/>
		<transponder frequency="11954000" symbol_rate="27500000" polarization="0" fec_inner="3" system="0" modulation="1"/>
		<transponder frequency="11973000" symbol_rate="27500000" polarization="1" fec_inner="3" system="0" modulation="1"/>
		<transponder frequency="11992000" symbol_rate="27500000" polarization="0" fec_inner="9" system="1" modulation="1"/>
		<transponder frequency="12012000" symbol_rate="29700000" polarization="1" fec_inner="2" system="1" modulation="2"/>
		<transponder frequency="12032000" symbol_rate="27500000" polarization="0" fec_inner="9" system="1" modulation="1"/>
		<transponder frequency="12051000" symbol_rate="27500000" polarization="1" fec_inner="3" system="0" modulation="1"/>
		<transponder frequency="12090000" symbol_rate="29700000" polarization="1" fec_inner="2" system="1" modulation="2"/>
		<transponder frequency="12110000" symbol_rate="27500000" polarization="0" fec_inner="3" system="0" modulation="1"/>
		<transponder frequency="12148000" symbol_rate="27500000" polarization="0" fec_inner="3" system="0" modulation="1"/>
		<transponder frequency="12168000" symbol_rate="29700000" polarization="1" fec_inner="2" system="1" modulation="2"/>
		<transponder frequency="12188000" symbol_rate="27500000" polarization="0" fec_inner="3" system="0" modulation="1"/>
		<transponder frequency="12207000" symbol_rate="29700000" polarization="1" fec_inner="2" system="1" modulation="2"/>
		<transponder frequency="12226000" symbol_rate="27500000" polarization="0" fec_inner="3" system="0" modulation="1"/>
		<transponder frequency="12285000" symbol_rate="29700000" polarization="1" fec_inner="2" system="1" modulation="2"/>
		<transponder frequency="12304000" symbol_rate="27500000" polarization="0" fec_inner="9" system="1" modulation="1"/>
		<transponder frequency="12324000" symbol_rate="29700000" polarization="1" fec_inner="2" system="1" modulation="2"/>
		<transponder frequency="12344000" symbol_rate="27500000" polarization="0" fec_inner="9" system="1" modulation="1"/>
		<transponder frequency="12363000" symbol_rate="27500000" polarization="1" fec_inner="3" system="0" modulation="1"/>
		<transponder frequency="12382000" symbol_rate="27500000" polarization="0" fec_inner="3" system="1" modulation="2"/>
		<transponder frequency="12402000" symbol_rate="29700000" polarization="1" fec_inner="2" system="1" modulation="2"/>
		<transponder frequency="12422000" symbol_rate="27500000" polarization="0" fec_inner="3" system="0" modulation="1"/>
		<transponder frequency="12460000" symbol_rate="27500000" polarization="0" fec_inner="3" system="0" modulation="1"/>
		<transponder frequency="12480000" symbol_rate="27500000" polarization="1" fec_inner="3" system="0" modulation="1"/>
		<transponder frequency="12515000" symbol_rate="22000000" polarization="0" fec_inner="4" system="0" modulation="1"/>
		<transponder frequency="12545000" symbol_rate="22000000" polarization="0" fec_inner="4" system="0" modulation="1"/>
		<transponder frequency="12552000" symbol_rate="22000000" polarization="1" fec_inner="4" system="0" modulation="1"/>
		<transponder frequency="12574000" symbol_rate="22000000" polarization="0" fec_inner="2" system="1" modulation="2"/>
		<transponder frequency="12604000" symbol_rate="22000000" polarization="0" fec_inner="4" system="0" modulation="1"/>
		<transponder frequency="12610000" symbol_rate="22000000" polarization="1" fec_inner="3" system="1" modulation="2"/>
		<transponder frequency="12633000" symbol_rate="22000000" polarization="0" fec_inner="4" system="0" modulation="1"/>
		<transponder frequency="12640000" symbol_rate="23500000" polarization="1" fec_inner="3" system="1" modulation="2"/>
		<transponder frequency="12663000" symbol_rate="22000000" polarization="0" fec_inner="4" system="0" modulation="1"/>
		<transponder frequency="12670000" symbol_rate="23500000" polarization="1" fec_inner="3" system="1" modulation="2"/>
		<transponder frequency="12728000" symbol_rate="23500000" polarization="1" fec_inner="2" system="1" modulation="2"/>
	</sat>
	<sat name="23.5E Astra 3B/3C" flags="1" position="235">
		<transponder frequency="11739000" symbol_rate="29900000" polarization="1" fec_inner="3" system="1" modulation="2"/>
		<transponder frequency="11856000" symbol_rate="29900000" polarization="1" fec_inner="3" system="1" modulation="2"/>
		<transponder frequency="11914000" symbol_rate="30000000" polarization="0" fec_inner="3" system="1" modulation="2"/>
		<transponder frequency="11934000" symbol_rate="29900000" polarization="1" fec_inner="3" system="1" modulation="2"/>
		<transponder frequency="11973000" symbol_rate="29900000" polarization="1" fec_inner="3" system="1" modulation="2"/>
		<transponder frequency="12012000" symbol_rate="29900000" polarization="1" fec_inner="3" system="1" modulation="2"/>
		<transponder frequency="12032000" symbol_rate="27500000" polarization="0" fec_inner="9" system="1" modulation="1"/>
		<transponder frequency="12070000" symbol_rate="27500000" polarization="0" fec_inner="3" system="0" modulation="1"/>
		<transponder frequency="12090000" symbol_rate="29900000" polarization="1" fec_inner="3" system="1" modulation="2"/>
		<transponder frequency="12110000" symbol_rate="29900000" polarization="0" fec_inner="3" system="1" modulation="2"/>
		<transponder frequency="12129000" symbol_rate="29900000" polarization="1" fec_inner="3" system="1" modulation="2"/>
		<transponder frequency="12168000" symbol_rate="27500000" polarization="1" fec_inner="3" system="0" modulation="1"/>
		<transponder frequency="12188000" symbol_rate="29900000" polarization="0" fec_inner="3" system="1" modulation="2"/>
		<transponder frequency="12246000" symbol_rate="30000000" polarization="1" fec_inner="3" system="1" modulation="2"/>
		<transponder frequency="12266000" symbol_rate="29900000" polarization="0" fec_inner="3" system="1" modulation="2"/>
		<transponder frequency="12285000" symbol_rate="30000000" polarization="1" fec_inner="2" system="1" modulation="2"/>
		<transponder frequency="12285000" symbol_rate="30000000" polarization="1" fec_inner="2" system="1" modulation="2"/>
		<transponder frequency="12304000" symbol_rate="30000000" polarization="0" fec_inner="3" system="1" modulation="2"/>
		<transponder frequency="12344000" symbol_rate="29900000" polarization="0" fec_inner="3" system="1" modulation="2"/>
		<transponder frequency="12363000" symbol_rate="29500000" polarization="1" fec_inner="3" system="1" modulation="2"/>
		<transponder frequency="12402000" symbol_rate="30000000" polarization="1" fec_inner="3" system="1" modulation="2"/>
		<transponder frequency="12422000" symbol_rate="30000000" polarization="0" fec_inner="3" system="1" modulation="2"/>
		<transponder frequency="12441000" symbol_rate="30000000" polarization="1" fec_inner="3" system="1" modulation="2"/>
		<transponder frequency="12460000" symbol_rate="30000000" polarization="0" fec_inner="3" system="1" modulation="2"/>
		<transponder frequency="12480000" symbol_rate="30000000" polarization="1" fec_inner="3" system="1" modulation="2"/>
	</sat>
	<sat name="28.2E Astra 2E/2F/2G" flags="1" position="282">
		<transponder frequency="10773000" symbol_rate="23000000" polarization="0" fec_inner="3" system="1" modulation="2"/>
		<transponder frequency="10788000" symbol_rate="23000000" polarization="1" fec_inner="3" system="1" modulation="2"/>
		<transponder frequency="10818000" symbol_rate="23000000" polarization="1" fec_inner="3" system="1" modulation="2"/>
		<transponder frequency="10847000" symbol_rate="23000000" polarization="1" fec_inner="3" system="1" modulation="2"/>
		<transponder frequency="10936000" symbol_rate="23000000" polarization="1" fec_inner="3" system="1" modulation="2"/>
		<transponder frequency="11023000" symbol_rate="23000000" polarization="0" fec_inner="3" system="1" modulation="2"/>
		<transponder frequency="11038000" symbol_rate="23000000" polarization="1" fec_inner="2" system="1" modulation="2"/>
		<transponder frequency="11082000" symbol_rate="23000000" polarization="0" fec_inner="2" system="1" modulation="2"/>
		<transponder frequency="11095000" symbol_rate="30000000" polarization="1" fec_inner="4" system="1" modulation="1"/>
		<transponder frequency="11112000" symbol_rate="23000000" polarization="0" fec_inner="2" system="1" modulation="2"/>
		<transponder frequency="11135000" symbol_rate="30000000" polarization="1" fec_inner="4" system="1" modulation="1"/>
		<transponder frequency="11141000" symbol_rate="23000000" polarization="0" fec_inner="2" system="1" modulation="2"/>
		<transponder frequency="11224000" symbol_rate="27500000" polarization="0" fec_inner="2" system="0" modulation="1"/>
		<transponder frequency="11224000" symbol_rate="23000000" polarization="1" fec_inner="2" system="1" modulation="2"/>
		<transponder frequency="11264000" symbol_rate="27500000" polarization="0" fec_inner="2" system="0" modulation="1"/>
		<transponder frequency="11264000" symbol_rate="27500000" polarization="1" fec_inner="2" system="0" modulation="1"/>
		<transponder frequency="11305000" symbol_rate="27500000" polarization="0" fec_inner="2" system="0" modulation="1"/>
		<transponder frequency="11306000" symbol_rate="27500000" polarization="1" fec_inner="4" system="0" modulation="1"/>
		<transponder frequency="11344000" symbol_rate="27500000" polarization="0" fec_inner="2" system="1" modulation="2"/>
		<transponder frequency="11344000" symbol_rate="27500000" polarization="1" fec_inner="2" system="1" modulation="2"/>
		<transponder frequency="11386000" symbol_rate="27500000" polarization="0" fec_inner="2" system="1" modulation="2"/>
		<transponder frequency="11386000" symbol_rate="27500000" polarization="1" fec_inner="2" system="1" modulation="2"/>
		<transponder frequency="11426000" symbol_rate="29500000" polarization="1" fec_inner="6" system="1" modulation="1"/>
		<transponder frequency="11426000" symbol_rate="27500000" polarization="0" fec_inner="2" system="0" modulation="1"/>
		<transponder frequency="11494000" symbol_rate="22000000" polarization="0" fec_inner="4" system="0" modulation="1"/>
		<transponder frequency="11509000" symbol_rate="23000000" polarization="1" fec_inner="2" system="1" modulation="2"/>
		<transponder frequency="11523000" symbol_rate="23000000" polarization="0" fec_inner="2" system="1" modulation="2"/>
		<transponder frequency="11553000" symbol_rate="23000000" polarization="0" fec_inner="2" system="1" modulation="2"/>
		<transponder frequency="11568000" symbol_rate="22000000" polarization="1" fec_inner="4" system="0" modulation="1"/>
		<transponder frequency="11582000" symbol_rate="23000000" polarization="0" fec_inner="2" system="1" modulation="2"/>
		<transponder frequency="11595000" symbol_rate="30000000" polarization="1" fec_inner="4" system="1" modulation="1"/>
		<transponder frequency="11597000" symbol_rate="23000000" polarization="1" fec_inner="2" system="1" modulation="2"/>
		<transponder frequency="11627000" symbol_rate="23000000" polarization="1" fec_inner="2" system="1" modulation="2"/>
		<transponder frequency="11635000" symbol_rate="30000000" polarization="0" fec_inner="4" system="1" modulation="1"/>
		<transponder frequency="11635000" symbol_rate="30000000" polarization="1" fec_inner="4" system="1" modulation="1"/>
		<transponder frequency="11641000" symbol_rate="23000000" polarization="0" fec_inner="2" system="1" modulation="2"/>
		<transponder frequency="11656000" symbol_rate="22000000" polarization="1" fec_inner="4" system="0" modulation="1"/>
		<transponder frequency="11671000" symbol_rate="23000000" polarization="0" fec_inner="2" system="1" modulation="2"/>
		<transponder frequency="11675000" symbol_rate="30000000" polarization="0" fec_inner="4" system="1" modulation="1"/>
		<transponder frequency="11675000" symbol_rate="30000000" polarization="1" fec_inner="4" system="1" modulation="1"/>
		<transponder frequency="11686000" symbol_rate="23000000" polarization="1" fec_inner="2" system="1" modulation="2"/>
		<transponder frequency="11758000" symbol_rate="27500000" polarization="0" fec_inner="2" system="1" modulation="2"/>
		<transponder frequency="11778000" symbol_rate="27500000" polarization="1" fec_inner="2" system="0" modulation="1"/>
		<transponder frequency="11934000" symbol_rate="27500000" polarization="1" fec_inner="4" system="0" modulation="1"/>
		<transponder frequency="12012000" symbol_rate="27500000" polarization="1" fec_inner="2" system="1" modulation="2"/>
		<transponder frequency="12032000" symbol_rate="29500000" polarization="0" fec_inner="2" system="1" modulation="2"/>
		<transponder frequency="12090000" symbol_rate="29500000" polarization="1" fec_inner="6" system="1" modulation="1"/>
		<transponder frequency="12110000" symbol_rate="27500000" polarization="0" fec_inner="2" system="1" modulation="2"/>
		<transponder frequency="12129000" symbol_rate="27500000" polarization="1" fec_inner="2" system="1" modulation="2"/>
		<transponder frequency="12148000" symbol_rate="27500000" polarization="0" fec_inner="2" system="1" modulation="2"/>
		<transponder frequency="12168000" symbol_rate="27500000" polarization="1" fec_inner="2" system="1" modulation="2"/>
		<transponder frequency="12188000" symbol_rate="27500000" polarization="0" fec_inner="2" system="1" modulation="2"/>
		<transponder frequency="12207000" symbol_rate="27500000" polarization="1" fec_inner="2" system="1" modulation="2"/>
		<transponder frequency="12226000" symbol_rate="27500000" polarization="0" fec_inner="2" system="1" modulation="2"/>
		<transponder frequency="12246000" symbol_rate="27500000" polarization="1" fec_inner="2" system="1" modulation="2"/>
		<transponder frequency="12266000" symbol_rate="27500000" polarization="0" fec_inner="2" system="1" modulation="2"/>
		<transponder frequency="12285000" symbol_rate="27500000" polarization="1" fec_inner="2" system="1" modulation="2"/>
		<transponder frequency="12324000" symbol_rate="27500000" polarization="1" fec_inner="2" system="1" modulation="2"/>
		<transponder frequency="12363000" symbol_rate="27500000" polarization="1" fec_inner="2" system="1" modulation="2"/>
		<transponder frequency="12382000" symbol_rate="29500000" polarization="0" fec_inner="2" system="1" modulation="2"/>
		<transponder frequency="12525000" symbol_rate="30000000" polarization="1" fec_inner="4" system="1" modulation="1"/>
		<transponder frequency="12605000" symbol_rate="30000000" polarization="1" fec_inner="4" system="1" modulation="1"/>
		<transponder frequency="12725000" symbol_rate="30000000" polarization="1" fec_inner="4" system="1" modulation="1"/>
	</sat>
	<sat name="36.0E Eutelsat 36D &amp; Express AMU1" flags="1" position="360">
		<transponder frequency="11106000" symbol_rate="3333000" polarization="1" fec_inner="7" system="1" modulation="2"/>
		<transponder frequency="11221000" symbol_rate="30000000" polarization="0" fec_inner="2" system="1" modulation="2"/>
		<transponder frequency="11221000" symbol_rate="30000000" polarization="1" fec_inner="4" system="1" modulation="1"/>
		<transponder frequency="11263000" symbol_rate="30000000" polarization="1" fec_inner="4" system="1" modulation="1"/>
		<transponder frequency="11304000" symbol_rate="30000000" polarization="1" fec_inner="4" system="1" modulation="1"/>
		<transponder frequency="11346000" symbol_rate="30000000" polarization="0" fec_inner="3" system="1" modulation="2"/>
		<transponder frequency="11346000" symbol_rate="30000000" polarization="1" fec_inner="4" system="1" modulation="1"/>
		<transponder frequency="11388000" symbol_rate="30000000" polarization="1" fec_inner="4" system="1" modulation="1"/>
		<transponder frequency="11429000" symbol_rate="30000000" polarization="1" fec_inner="4" system="1" modulation="1"/>
		<transponder frequency="11508000" symbol_rate="2800000" polarization="1" fec_inner="2" system="1" modulation="2"/>
		<transponder frequency="11542000" symbol_rate="6582000" polarization="1" fec_inner="2" system="1" modulation="2"/>
		<transponder frequency="11587000" symbol_rate="2170000" polarization="0" fec_inner="3" system="0" modulation="1"/>
		<transponder frequency="11593000" symbol_rate="2500000" polarization="1" fec_inner="3" system="1" modulation="2"/>
		<transponder frequency="11599000" symbol_rate="1750000" polarization="0" fec_inner="4" system="1" modulation="2"/>
		<transponder frequency="11678000" symbol_rate="3200000" polarization="1" fec_inner="4" system="1" modulation="2"/>
		<transponder frequency="11727000" symbol_rate="29330000" polarization="1" fec_inner="3" system="1" modulation="1"/>
		<transponder frequency="11727000" symbol_rate="29330000" polarization="1" fec_inner="3" system="1" modulation="1"/>
		<transponder frequency="11747000" symbol_rate="27500000" polarization="R" fec_inner="3" system="1" modulation="2"/>
		<transponder frequency="11766000" symbol_rate="27500000" polarization="L" fec_inner="3" system="1" modulation="2"/>
		<transponder frequency="11785000" symbol_rate="27500000" polarization="R" fec_inner="3" system="1" modulation="2"/>
		<transponder frequency="11804000" symbol_rate="26650000" polarization="1" fec_inner="3" system="1" modulation="1"/>
		<transponder frequency="11804000" symbol_rate="26650000" polarization="1" fec_inner="3" system="1" modulation="1"/>
		<transponder frequency="11804000" symbol_rate="26650000" polarization="1" fec_inner="3" system="1" modulation="1"/>
		<transponder frequency="11804000" symbol_rate="26650000" polarization="1" fec_inner="3" system="1" modulation="1"/>
		<transponder frequency="11823000" symbol_rate="27500000" polarization="R" fec_inner="3" system="1" modulation="2"/>
		<transponder frequency="11843000" symbol_rate="29330000" polarization="1" fec_inner="3" system="1" modulation="1"/>
		<transponder frequency="11843000" symbol_rate="29330000" polarization="1" fec_inner="3" system="1" modulation="1"/>
		<transponder frequency="11843000" symbol_rate="27500000" polarization="L" fec_inner="3" system="1" modulation="2"/>
		<transponder frequency="11862000" symbol_rate="27500000" polarization="R" fec_inner="3" system="1" modulation="2"/>
		<transponder frequency="11900000" symbol_rate="27500000" polarization="R" fec_inner="3" system="1" modulation="2"/>
		<transponder frequency="11938000" symbol_rate="27500000" polarization="R" fec_inner="3" system="1" modulation="2"/>
		<transponder frequency="11958000" symbol_rate="27500000" polarization="1" fec_inner="3" system="0" modulation="1"/>
		<transponder frequency="11977000" symbol_rate="27500000" polarization="R" fec_inner="3" system="1" modulation="2"/>
		<transponder frequency="11996000" symbol_rate="27500000" polarization="L" fec_inner="3" system="1" modulation="2"/>
		<transponder frequency="12015000" symbol_rate="27500000" polarization="R" fec_inner="3" system="1" modulation="2"/>
		<transponder frequency="12034000" symbol_rate="27500000" polarization="L" fec_inner="3" system="1" modulation="2"/>
		<transponder frequency="12073000" symbol_rate="27500000" polarization="L" fec_inner="3" system="1" modulation="2"/>
		<transponder frequency="12092000" symbol_rate="27500000" polarization="0" fec_inner="2" system="1" modulation="2"/>
		<transponder frequency="12111000" symbol_rate="27500000" polarization="L" fec_inner="3" system="1" modulation="2"/>
		<transponder frequency="12130000" symbol_rate="27500000" polarization="0" fec_inner="2" system="1" modulation="2"/>
		<transponder frequency="12149000" symbol_rate="27500000" polarization="1" fec_inner="2" system="1" modulation="2"/>
		<transponder frequency="12149000" symbol_rate="27500000" polarization="L" fec_inner="3" system="1" modulation="2"/>
		<transponder frequency="12169000" symbol_rate="27500000" polarization="0" fec_inner="2" system="1" modulation="2"/>
		<transponder frequency="12174000" symbol_rate="4340000" polarization="L" fec_inner="3" system="0" modulation="1"/>
		<transponder frequency="12188000" symbol_rate="27500000" polarization="1" fec_inner="2" system="1" modulation="2"/>
		<transponder frequency="12190000" symbol_rate="22500000" polarization="L" fec_inner="3" system="1" modulation="2"/>
		<transponder frequency="12207000" symbol_rate="27500000" polarization="0" fec_inner="3" system="0" modulation="1"/>
		<transponder frequency="12207000" symbol_rate="27500000" polarization="R" fec_inner="3" system="1" modulation="2"/>
		<transponder frequency="12226000" symbol_rate="27500000" polarization="1" fec_inner="2" system="1" modulation="2"/>
		<transponder frequency="12226000" symbol_rate="27500000" polarization="L" fec_inner="3" system="0" modulation="1"/>
		<transponder frequency="12265000" symbol_rate="27500000" polarization="1" fec_inner="2" system="1" modulation="2"/>
		<transponder frequency="12265000" symbol_rate="27500000" polarization="L" fec_inner="3" system="0" modulation="1"/>
		<transponder frequency="12284000" symbol_rate="27500000" polarization="0" fec_inner="2" system="1" modulation="2"/>
		<transponder frequency="12284000" symbol_rate="27500000" polarization="R" fec_inner="3" system="1" modulation="2"/>
		<transponder frequency="12303000" symbol_rate="27500000" polarization="1" fec_inner="2" system="1" modulation="2"/>
		<transponder frequency="12303000" symbol_rate="27500000" polarization="L" fec_inner="3" system="1" modulation="2"/>
		<transponder frequency="12322000" symbol_rate="27500000" polarization="0" fec_inner="2" system="1" modulation="2"/>
		<transponder frequency="12322000" symbol_rate="27500000" polarization="R" fec_inner="3" system="1" modulation="2"/>
		<transponder frequency="12341000" symbol_rate="27500000" polarization="1" fec_inner="2" system="1" modulation="2"/>
		<transponder frequency="12341000" symbol_rate="27500000" polarization="L" fec_inner="3" system="0" modulation="1"/>
		<transponder frequency="12360000" symbol_rate="27500000" polarization="0" fec_inner="2" system="1" modulation="2"/>
		<transponder frequency="12360000" symbol_rate="27500000" polarization="R" fec_inner="3" system="1" modulation="2"/>
		<transponder frequency="12380000" symbol_rate="27500000" polarization="1" fec_inner="2" system="1" modulation="2"/>
		<transponder frequency="12380000" symbol_rate="27500000" polarization="L" fec_inner="3" system="1" modulation="1"/>
		<transponder frequency="12399000" symbol_rate="27500000" polarization="0" fec_inner="2" system="1" modulation="2"/>
		<transponder frequency="12399000" symbol_rate="27500000" polarization="R" fec_inner="3" system="1" modulation="2"/>
		<transponder frequency="12418000" symbol_rate="27500000" polarization="1" fec_inner="2" system="1" modulation="2"/>
		<transponder frequency="12418000" symbol_rate="27500000" polarization="L" fec_inner="3" system="1" modulation="2"/>
		<transponder frequency="12437000" symbol_rate="27500000" polarization="0" fec_inner="2" system="1" modulation="2"/>
		<transponder frequency="12437000" symbol_rate="27500000" polarization="R" fec_inner="3" system="1" modulation="2"/>
		<transponder frequency="12456000" symbol_rate="27500000" polarization="L" fec_inner="3" system="1" modulation="1"/>
		<transponder frequency="12476000" symbol_rate="27500000" polarization="0" fec_inner="2" system="1" modulation="2"/>
		<transponder frequency="12476000" symbol_rate="27500000" polarization="R" fec_inner="3" system="1" modulation="2"/>
		<transponder frequency="12691000" symbol_rate="1110000" polarization="0" fec_inner="4" system="1" modulation="2"/>
	</sat>
	<sat name="42.0E Ku-band Türksat 3A/4A/5B/6A" flags="1" position="420">
		<transponder frequency="10959000" symbol_rate="6250000" polarization="1" fec_inner="4" system="1" modulation="2"/>
		<transponder frequency="10967000" symbol_rate="7918000" polarization="1" fec_inner="4" system="1" modulation="2"/>
		<transponder frequency="11012000" symbol_rate="30000000" polarization="0" fec_inner="3" system="1" modulation="2"/>
		<transponder frequency="11053000" symbol_rate="8000000" polarization="0" fec_inner="3" system="0" modulation="1"/>
		<transponder frequency="11054000" symbol_rate="30000000" polarization="1" fec_inner="3" system="1" modulation="2"/>
		<transponder frequency="11096000" symbol_rate="30000000" polarization="0" fec_inner="4" system="0" modulation="1"/>
		<transponder frequency="11128600" symbol_rate="400000" polarization="1" fec_inner="4" system="0" modulation="1"/>
		<transponder frequency="11129300" symbol_rate="400000" polarization="1" fec_inner="4" system="0" modulation="1"/>
		<transponder frequency="11130000" symbol_rate="400000" polarization="1" fec_inner="4" system="0" modulation="1"/>
		<transponder frequency="11130800" symbol_rate="400000" polarization="1" fec_inner="4" system="0" modulation="1"/>
		<transponder frequency="11131500" symbol_rate="400000" polarization="1" fec_inner="4" system="0" modulation="1"/>
		<transponder frequency="11133000" symbol_rate="1800000" polarization="1" fec_inner="3" system="0" modulation="1"/>
		<transponder frequency="11265000" symbol_rate="30000000" polarization="1" fec_inner="3" system="1" modulation="2"/>
		<transponder frequency="11305000" symbol_rate="30000000" polarization="1" fec_inner="3" system="1" modulation="2"/>
		<transponder frequency="11345000" symbol_rate="29750000" polarization="1" fec_inner="4" system="0" modulation="1"/>
		<transponder frequency="11425000" symbol_rate="30000000" polarization="1" fec_inner="2" system="1" modulation="2"/>
		<transponder frequency="11558000" symbol_rate="30000000" polarization="1" fec_inner="2" system="0" modulation="1"/>
		<transponder frequency="11676000" symbol_rate="24444000" polarization="1" fec_inner="3" system="0" modulation="1"/>
		<transponder frequency="11727000" symbol_rate="27500000" polarization="1" fec_inner="3" system="1" modulation="2"/>
		<transponder frequency="11747000" symbol_rate="27500000" polarization="0" fec_inner="2" system="1" modulation="2"/>
		<transponder frequency="11767000" symbol_rate="15000000" polarization="1" fec_inner="3" system="1" modulation="2"/>
		<transponder frequency="11789000" symbol_rate="20000000" polarization="0" fec_inner="3" system="1" modulation="2"/>
		<transponder frequency="11794000" symbol_rate="30000000" polarization="1" fec_inner="3" system="1" modulation="2"/>
		<transponder frequency="11837000" symbol_rate="30000000" polarization="1" fec_inner="2" system="1" modulation="2"/>
		<transponder frequency="11853000" symbol_rate="25000000" polarization="0" fec_inner="3" system="1" modulation="2"/>
		<transponder frequency="11880000" symbol_rate="20000000" polarization="0" fec_inner="3" system="1" modulation="2"/>
		<transponder frequency="11883000" symbol_rate="4800000" polarization="1" fec_inner="4" system="0" modulation="1"/>
		<transponder frequency="11916000" symbol_rate="30000000" polarization="1" fec_inner="3" system="0" modulation="1"/>
		<transponder frequency="11958000" symbol_rate="27500000" polarization="1" fec_inner="4" system="0" modulation="1"/>
		<transponder frequency="11977000" symbol_rate="27500000" polarization="0" fec_inner="4" system="0" modulation="1"/>
		<transponder frequency="11999000" symbol_rate="11666000" polarization="1" fec_inner="3" system="1" modulation="2"/>
		<transponder frequency="12009000" symbol_rate="4444000" polarization="1" fec_inner="3" system="1" modulation="1"/>
		<transponder frequency="12015000" symbol_rate="27500000" polarization="0" fec_inner="4" system="0" modulation="1"/>
		<transponder frequency="12034000" symbol_rate="27500000" polarization="1" fec_inner="4" system="0" modulation="1"/>
		<transponder frequency="12054000" symbol_rate="27500000" polarization="0" fec_inner="4" system="0" modulation="1"/>
		<transponder frequency="12073000" symbol_rate="27500000" polarization="1" fec_inner="3" system="1" modulation="2"/>
		<transponder frequency="12083000" symbol_rate="13750000" polarization="0" fec_inner="2" system="1" modulation="2"/>
		<transponder frequency="12095000" symbol_rate="4800000" polarization="0" fec_inner="4" system="0" modulation="1"/>
		<transponder frequency="12103000" symbol_rate="8333000" polarization="0" fec_inner="2" system="1" modulation="2"/>
		<transponder frequency="12111000" symbol_rate="27500000" polarization="1" fec_inner="3" system="0" modulation="1"/>
		<transponder frequency="12130000" symbol_rate="27500000" polarization="0" fec_inner="3" system="0" modulation="1"/>
		<transponder frequency="12149000" symbol_rate="27500000" polarization="1" fec_inner="2" system="1" modulation="2"/>
		<transponder frequency="12188000" symbol_rate="27500000" polarization="1" fec_inner="4" system="1" modulation="2"/>
		<transponder frequency="12196000" symbol_rate="10400000" polarization="0" fec_inner="3" system="1" modulation="2"/>
		<transponder frequency="12209000" symbol_rate="10000000" polarization="0" fec_inner="3" system="1" modulation="2"/>
		<transponder frequency="12213000" symbol_rate="5833000" polarization="1" fec_inner="2" system="1" modulation="2"/>
		<transponder frequency="12219000" symbol_rate="6500000" polarization="0" fec_inner="3" system="0" modulation="1"/>
		<transponder frequency="12245000" symbol_rate="27500000" polarization="0" fec_inner="4" system="1" modulation="2"/>
		<transponder frequency="12265000" symbol_rate="27500000" polarization="1" fec_inner="3" system="1" modulation="2"/>
		<transponder frequency="12298000" symbol_rate="4800000" polarization="1" fec_inner="4" system="0" modulation="1"/>
		<transponder frequency="12310000" symbol_rate="15000000" polarization="1" fec_inner="3" system="1" modulation="2"/>
		<transponder frequency="12329000" symbol_rate="6666000" polarization="0" fec_inner="2" system="1" modulation="2"/>
		<transponder frequency="12336000" symbol_rate="5520000" polarization="0" fec_inner="3" system="0" modulation="1"/>
		<transponder frequency="12344000" symbol_rate="30000000" polarization="1" fec_inner="2" system="1" modulation="2"/>
		<transponder frequency="12346000" symbol_rate="9600000" polarization="0" fec_inner="3" system="0" modulation="1"/>
		<transponder frequency="12356000" symbol_rate="7100000" polarization="0" fec_inner="2" system="1" modulation="2"/>
		<transponder frequency="12379000" symbol_rate="30000000" polarization="0" fec_inner="3" system="0" modulation="1"/>
		<transponder frequency="12380000" symbol_rate="27500000" polarization="1" fec_inner="3" system="0" modulation="1"/>
		<transponder frequency="12422000" symbol_rate="30000000" polarization="0" fec_inner="3" system="0" modulation="1"/>
		<transponder frequency="12422000" symbol_rate="27500000" polarization="1" fec_inner="3" system="0" modulation="1"/>
		<transponder frequency="12525000" symbol_rate="30000000" polarization="1" fec_inner="3" system="0" modulation="1"/>
		<transponder frequency="12554000" symbol_rate="22500000" polarization="1" fec_inner="2" system="1" modulation="2"/>
		<transponder frequency="12610000" symbol_rate="20830000" polarization="0" fec_inner="3" system="0" modulation="1"/>
		<transponder frequency="12685000" symbol_rate="30000000" polarization="1" fec_inner="2" system="1" modulation="2"/>
		<transponder frequency="12685000" symbol_rate="27500000" polarization="0" fec_inner="2" system="1" modulation="2"/>
		<transponder frequency="12729000" symbol_rate="30000000" polarization="1" fec_inner="2" system="1" modulation="2"/>
	</sat>
</satellites>

